{"cameraMode":{"drawMode":0,"name":"Shaded","section":"Shading Mode"},"sceneLighting":true,"audioPlay":false,"sceneViewState":{"showFog":true,"showMaterialUpdate":false,"showSkybox":false,"showFlares":true,"showImageEffects":true,"showParticleSystems":true},"in2DMode":false,"pivot":{"x":1.9523146152496338,"y":6.1717529296875,"z":1.1316604614257813},"rotation":{"x":-0.2254798859357834,"y":-0.21551191806793214,"z":0.051672544330358508,"w":-0.9488498568534851},"size":12.12435531616211,"orthographic":false}