{"cameraMode":{"drawMode":0,"name":"Shaded","section":"Shading Mode"},"sceneLighting":true,"audioPlay":false,"sceneViewState":{"showFog":false,"showMaterialUpdate":false,"showSkybox":false,"showFlares":false,"showImageEffects":false,"showParticleSystems":false},"in2DMode":false,"pivot":{"x":-34.416954040527347,"y":117.40971374511719,"z":20.848033905029298},"rotation":{"x":-0.19277852773666383,"y":-0.7467132806777954,"z":0.24656222760677339,"w":-0.5873642563819885},"size":42.427467346191409,"orthographic":false}