{"cameraMode":{"drawMode":0,"name":"Shaded","section":"Shading Mode"},"sceneLighting":false,"audioPlay":false,"sceneViewState":{"showFog":false,"showMaterialUpdate":false,"showSkybox":false,"showFlares":false,"showImageEffects":false,"showParticleSystems":false},"in2DMode":false,"pivot":{"x":0.40636110305786135,"y":4.847900390625,"z":-1.7955245971679688},"rotation":{"x":-0.2640109658241272,"y":0.1782083660364151,"z":-0.04864604026079178,"w":-0.9468458890914917},"size":8.510992050170899,"orthographic":false}