{"cameraMode":{"drawMode":0,"name":"Shaded","section":"Shading Mode"},"sceneLighting":true,"audioPlay":false,"sceneViewState":{"showFog":false,"showMaterialUpdate":false,"showSkybox":false,"showFlares":false,"showImageEffects":false,"showParticleSystems":false},"in2DMode":false,"pivot":{"x":199.2747344970703,"y":-71.54228210449219,"z":-124.205810546875},"rotation":{"x":-0.23494984209537507,"y":-0.7129908204078674,"z":0.2814088463783264,"w":-0.5981563925743103},"size":144.82164001464845,"orthographic":false}